<?xml version="1.0" encoding="UTF-8"?>
<MUPDefinition xmlns="http://schemas.dell.com/openmanage/cm/2/0/mupdefinition.xsd" xmlns:xsi="http://www.w3.org/2001/XMLSchema-instance" xsi:schemaLocation="http://schemas.dell.com/openmanage/cm/2/0/mupdefinition.xsd mupdefinition.xsd">
  <packageinformation>
    <mupspecificationversion>2.4.5</mupspecificationversion>
    <name>Intel(R) Dynamic Tuning Installer</name>
    <version>8.7.10402.18291</version>
    <installertype>installshield installscript</installertype>
    <packagegrouping>single_package</packagegrouping>
    <packagingtype>zip</packagingtype>
    <releasetype>DRVR</releasetype>
    <supportedoperatingsystems>
      <osidentifier name="Windows10" architecture="x64" />
    </supportedoperatingsystems>
    <content>
      <Device componentID="102309">
        <PnPInfo>
          <PNPID>INT</PNPID>
          <PnPProductID>3400</PnPProductID>
        </PnPInfo>
        <PnPInfo>
          <PNPID>INT</PNPID>
          <PnPProductID>3401</PnPProductID>
        </PnPInfo>
        <PnPInfo>
          <PNPID>INT</PNPID>
          <PnPProductID>3401</PnPProductID>
        </PnPInfo>
        <PnPInfo>
          <PNPID>INT</PNPID>
          <PnPProductID>3402</PnPProductID>
        </PnPInfo>
        <PnPInfo>
          <PNPID>INT</PNPID>
          <PnPProductID>3403</PnPProductID>
        </PnPInfo>
        <PnPInfo>
          <PNPID>INT</PNPID>
          <PnPProductID>3404</PnPProductID>
        </PnPInfo>
        <PnPInfo>
          <PNPID>INT</PNPID>
          <PnPProductID>3405</PnPProductID>
        </PnPInfo>
        <PnPInfo>
          <PNPID>INT</PNPID>
          <PnPProductID>3406</PnPProductID>
        </PnPInfo>
        <PnPInfo>
          <PNPID>INT</PNPID>
          <PnPProductID>3407</PnPProductID>
        </PnPInfo>
        <PnPInfo>
          <PNPID>INT</PNPID>
          <PnPProductID>3408</PnPProductID>
        </PnPInfo>
        <PnPInfo>
          <PNPID>INT</PNPID>
          <PnPProductID>3409</PnPProductID>
        </PnPInfo>
        <PnPInfo>
          <PNPID>INT</PNPID>
          <PnPProductID>340A</PnPProductID>
        </PnPInfo>
        <PnPInfo>
          <PNPID>INT</PNPID>
          <PnPProductID>340B</PnPProductID>
        </PnPInfo>
        <PnPInfo>
          <PNPID>INT</PNPID>
          <PnPProductID>340C</PnPProductID>
        </PnPInfo>
        <PnPInfo>
          <PNPID>INT</PNPID>
          <PnPProductID>343D</PnPProductID>
        </PnPInfo>
        <PnPInfo>
          <PNPID>INT</PNPID>
          <PnPProductID>3530</PnPProductID>
        </PnPInfo>
        <PnPInfo>
          <PNPID>INT</PNPID>
          <PnPProductID>3532</PnPProductID>
        </PnPInfo>
        <PnPInfo>
          <ACPIID>INTC</ACPIID>
          <PnPProductID>1040</PnPProductID>
        </PnPInfo>
        <PnPInfo>
          <ACPIID>INTC</ACPIID>
          <PnPProductID>1043</PnPProductID>
        </PnPInfo>
        <PnPInfo>
          <ACPIID>INTC</ACPIID>
          <PnPProductID>1044</PnPProductID>
        </PnPInfo>
        <PnPInfo>
          <ACPIID>INTC</ACPIID>
          <PnPProductID>1045</PnPProductID>
        </PnPInfo>
        <PnPInfo>
          <ACPIID>INTC</ACPIID>
          <PnPProductID>1047</PnPProductID>
        </PnPInfo>
        <PnPInfo>
          <ACPIID>INTC</ACPIID>
          <PnPProductID>1050</PnPProductID>
        </PnPInfo>
        <Image type="DRVR" version="8.7.10402.18291">
          <file>Production\Windows10-x64\dptf_acpi.inf\dptf_acpi.sys</file>
          <file>Production\Windows10-x64\dptf_acpi.inf\dptf_acpi.cat</file>
          <file>Production\Windows10-x64\dptf_acpi.inf\dptf_acpi.inf</file>
          <supportedoperatingsystems>
            <osidentifier name="Windows10" architecture="x64" />
          </supportedoperatingsystems>
        </Image>
      </Device>
      <Device componentID="102309">
        <PCIInfo vendorID="8086" deviceID="0103" />
        <PCIInfo vendorID="8086" deviceID="0153" />
        <PCIInfo vendorID="8086" deviceID="0C03" />
        <PCIInfo vendorID="8086" deviceID="0A03" />
        <PCIInfo vendorID="8086" deviceID="0D03" />
        <PCIInfo vendorID="8086" deviceID="1603" />
        <PCIInfo vendorID="8086" deviceID="1903" />
        <PCIInfo vendorID="8086" deviceID="22DC" />
        <PCIInfo vendorID="8086" deviceID="0A8C" />
        <PCIInfo vendorID="8086" deviceID="1A8C" />
        <PCIInfo vendorID="8086" deviceID="4A8C" />
        <PCIInfo vendorID="8086" deviceID="5A8C" />
        <PCIInfo vendorID="8086" deviceID="5A03" />
        <PCIInfo vendorID="8086" deviceID="318C" />
        <PCIInfo vendorID="8086" deviceID="8A03" />
        <PCIInfo vendorID="8086" deviceID="9820" />
        <PCIInfo vendorID="8086" deviceID="9A03" />
        <PCIInfo vendorID="8086" deviceID="461D" />
        <PCIInfo vendorID="8086" deviceID="4C03" />
        <Image type="DRVR" version="8.7.10402.18291">
          <file>Production\Windows10-x64\dptf_cpu.inf\esif_lf.sys</file>
          <file>Production\Windows10-x64\dptf_cpu.inf\esif_umdf2.dll</file>
          <file>Production\Windows10-x64\dptf_cpu.inf\dptf_cpu.sys</file>
          <file>Production\Windows10-x64\dptf_cpu.inf\dptf_cpu.cat</file>
          <file>Production\Windows10-x64\dptf_cpu.inf\dptf_cpu.inf</file>
          <supportedoperatingsystems>
            <osidentifier name="Windows10" architecture="x64" />
          </supportedoperatingsystems>
        </Image>
      </Device>
    </content>
  </packageinformation>
  <executable>
    <executablename>dtt_8.7.10402.18291_install.exe</executablename>
  </executable>
  <behaviors>
    <behavior name="attended" />
    <behavior name="freshinstall" />
    <behavior name="unattended">
      <vendoroption>
        <optionvalue switch="/" requiresvalue="false">s</optionvalue>
      </vendoroption>
    </behavior>
    <behavior name="extractdrivers">
      <vendoroption>
        <container>
         <containervalue switch="/" requiresvalue="false" valuedelimiter="" enclose="&quot;">v</containervalue>
         <optionvalue switch="" requiresvalue="true" valuedelimiter="=" enclose="">extractdrivers</optionvalue>
        </container>
      </vendoroption>
    </behavior>
  </behaviors>
  <parameters>
    <parametermapping name="force">
      <vendoroption>
        <optionvalue switch="/" requiresvalue="false">overwrite</optionvalue>
      </vendoroption>
    </parametermapping>
    <parametermapping name="logfile">
      <vendoroption>
        <optionvalue switch="/" requiresvalue="true" valuedelimiter=" " enclose="&quot;">report</optionvalue>
      </vendoroption>
    </parametermapping>
  </parameters>
  <returncodes>
    <returncodemapping name="REBOOTING_SYSTEM">
      <vendorreturncode>15</vendorreturncode>
    </returncodemapping>
    <returncodemapping name="PASSWORD_REQUIRED">
      <vendorreturncode>2</vendorreturncode>
    </returncodemapping>
    <returncodemapping name="REBOOT_UPDATE_PENDING">
      <!--Installer only Reboots Once, Installer Doesn't need to support-->
      <vendorreturncode>9999</vendorreturncode>
    </returncodemapping>
    <returncodemapping name="DEP_SOFT_ERROR">
      <vendorreturncode>7</vendorreturncode>
    </returncodemapping>
    <returncodemapping name="DEP_HARD_ERROR">
      <vendorreturncode>5</vendorreturncode>
    </returncodemapping>
    <returncodemapping name="SUCCESS">
      <vendorreturncode>0</vendorreturncode>
    </returncodemapping>
    <returncodemapping name="ERROR">
      <vendorreturncode>10</vendorreturncode>
    </returncodemapping>
    <returncodemapping name="REBOOT_REQUIRED">
      <vendorreturncode>14</vendorreturncode>
    </returncodemapping>
    <returncodemapping name="ERROR_INSTALL_PLATFORM_UNSUPPORTED">
      <vendorreturncode>3</vendorreturncode>
    </returncodemapping>
    <returncodemapping name="UNKNOWN_OPTION">
      <vendorreturncode>1</vendorreturncode>
    </returncodemapping>
    <returncodemapping name="ERROR">
      <vendorreturncode>9</vendorreturncode>
    </returncodemapping>
    <returncodemapping name="ERROR">
      <vendorreturncode>6</vendorreturncode>
    </returncodemapping>
    <returncodemapping name="ERROR">
      <vendorreturncode>4</vendorreturncode>
    </returncodemapping>
  </returncodes>
  <inventorymetadata>
    <fullpackageidentifier>
      <registrykeys>
        <registrykey componentID="102309">
          <name>HKEY_LOCAL_MACHINE\SYSTEM\CurrentControlSet\Services\esif_lf\Parameters\Version\</name>
          <value>8.7.10402.18291</value>
          <displayName>HKEY_LOCAL_MACHINE\SYSTEM\CurrentControlSet\Services\esif_lf\Parameters\Display\</displayName>
          <displayValue>"Intel(R) Dynamic Tuning"</displayValue>
        </registrykey>
      </registrykeys>
    </fullpackageidentifier>
  </inventorymetadata>
</MUPDefinition>