﻿<?xml version="1.0" encoding="UTF-8"?>
<MUPDefinition xmlns="http://schemas.dell.com/openmanage/cm/2/0/mupdefinition.xsd" xmlns:xsi="http://www.w3.org/2001/XMLSchema-instance" xsi:schemaLocation="http://schemas.dell.com/openmanage/cm/2/0/mupdefinition.xsd mupdefinition.xsd">
  <packageinformation>
    <mupspecificationversion>2.4.3</mupspecificationversion>
    <name>Intel(R) Dynamic Platform and Thermal Framework Installer</name>
    <version>8.3.10208.5644</version>
    <installertype>installshield installscript</installertype>
    <packagegrouping>single_package</packagegrouping>
    <packagingtype>zip</packagingtype>
    <releasetype>DRVR</releasetype>
    <supportedoperatingsystems>
      <osidentifier name="Windows10" architecture="x64" />
    </supportedoperatingsystems>
    <content>
      <Device componentID="102309">
        <PnPInfo>
          <PNPID>INT</PNPID>
          <PnPProductID>3400</PnPProductID>
        </PnPInfo>
        <Image type="DRVR" version="8.3.10208.5644">
          <file>Production\Windows10-x64\esif_manager.inf\esif_manager.inf</file>
          <file>Production\Windows10-x64\esif_manager.inf\esif_manager.cat</file>
          <file>Production\Windows10-x64\esif_manager.inf\esif_lf.sys</file>
          <file>Production\Windows10-x64\esif_manager.inf\esif_umdf2.dll</file>
          <supportedoperatingsystems>
            <osidentifier name="Windows10" architecture="x64" />
          </supportedoperatingsystems>
        </Image>
      </Device>
      <Device componentID="102309">
        <PnPInfo>
          <PNPID>INT</PNPID>
          <PnPProductID>3401</PnPProductID>
        </PnPInfo>
        <PnPInfo>
          <PNPID>INT</PNPID>
          <PnPProductID>3401</PnPProductID>
        </PnPInfo>
        <PnPInfo>
          <PNPID>INT</PNPID>
          <PnPProductID>3402</PnPProductID>
        </PnPInfo>
        <PnPInfo>
          <PNPID>INT</PNPID>
          <PnPProductID>3403</PnPProductID>
        </PnPInfo>
        <PnPInfo>
          <PNPID>INT</PNPID>
          <PnPProductID>3404</PnPProductID>
        </PnPInfo>
        <PnPInfo>
          <PNPID>INT</PNPID>
          <PnPProductID>3405</PnPProductID>
        </PnPInfo>
        <PnPInfo>
          <PNPID>INT</PNPID>
          <PnPProductID>3406</PnPProductID>
        </PnPInfo>
        <PnPInfo>
          <PNPID>INT</PNPID>
          <PnPProductID>3407</PnPProductID>
        </PnPInfo>
        <PnPInfo>
          <PNPID>INT</PNPID>
          <PnPProductID>3408</PnPProductID>
        </PnPInfo>
        <PnPInfo>
          <PNPID>INT</PNPID>
          <PnPProductID>3409</PnPProductID>
        </PnPInfo>
        <PnPInfo>
          <PNPID>INT</PNPID>
          <PnPProductID>340A</PnPProductID>
        </PnPInfo>
        <PnPInfo>
          <PNPID>INT</PNPID>
          <PnPProductID>340B</PnPProductID>
        </PnPInfo>
        <PnPInfo>
          <PNPID>INT</PNPID>
          <PnPProductID>340C</PnPProductID>
        </PnPInfo>
        <PnPInfo>
          <PNPID>INT</PNPID>
          <PnPProductID>343D</PnPProductID>
        </PnPInfo>
        <Image type="DRVR" version="8.3.10208.5644">
          <file>Production\Windows10-x64\dptf_acpi.inf\dptf_acpi.sys</file>
          <file>Production\Windows10-x64\dptf_acpi.inf\dptf_acpi.cat</file>
          <file>Production\Windows10-x64\dptf_acpi.inf\dptf_acpi.inf</file>
          <supportedoperatingsystems>
            <osidentifier name="Windows10" architecture="x64" />
          </supportedoperatingsystems>
        </Image>
      </Device>
      <Device componentID="102309">
        <PCIInfo vendorID="8086" deviceID="0103" />
        <PCIInfo vendorID="8086" deviceID="0153" />
        <PCIInfo vendorID="8086" deviceID="0C03" />
        <PCIInfo vendorID="8086" deviceID="0A03" />
        <PCIInfo vendorID="8086" deviceID="0D03" />
        <PCIInfo vendorID="8086" deviceID="1603" />
        <PCIInfo vendorID="8086" deviceID="1903" />
        <PCIInfo vendorID="8086" deviceID="22DC" />
        <Image type="DRVR" version="8.3.10208.5644">
          <file>Production\Windows10-x64\dptf_cpu.inf\dptf_cpu.sys</file>
          <file>Production\Windows10-x64\dptf_cpu.inf\dptf_cpu.cat</file>
          <file>Production\Windows10-x64\dptf_cpu.inf\dptf_cpu.inf</file>
          <supportedoperatingsystems>
            <osidentifier name="Windows10" architecture="x64" />
          </supportedoperatingsystems>
        </Image>
      </Device>
    </content>
  </packageinformation>
  <executable>
    <executablename>setup.exe</executablename>
  </executable>
  <behaviors>
    <behavior name="attended" />
    <behavior name="freshinstall" />
    <behavior name="help">
      <vendoroption>
        <optionvalue switch="/" requiresvalue="false">?</optionvalue>
      </vendoroption>
    </behavior>
    <behavior name="unattended">
      <vendoroption>
        <optionvalue switch="/" requiresvalue="false">s</optionvalue>
      </vendoroption>
    </behavior>
  </behaviors>
  <parameters>
    <parametermapping name="force">
      <vendoroption>
        <optionvalue switch="/" requiresvalue="false">overwrite</optionvalue>
      </vendoroption>
    </parametermapping>
    <parametermapping name="logfile">
      <vendoroption>
        <optionvalue switch="/" requiresvalue="true" valuedelimiter=" " enclose="&quot;">report</optionvalue>
      </vendoroption>
    </parametermapping>
  </parameters>
  <returncodes>
    <returncodemapping name="REBOOTING_SYSTEM">
      <vendorreturncode>15</vendorreturncode>
    </returncodemapping>
    <returncodemapping name="PASSWORD_REQUIRED">
      <vendorreturncode>2</vendorreturncode>
    </returncodemapping>
    <returncodemapping name="NO_DOWNGRADE">
      <!--Always able to DownGrade, Installer Doesn't need to support-->
      <vendorreturncode>9999</vendorreturncode>
    </returncodemapping>
    <returncodemapping name="REBOOT_UPDATE_PENDING">
      <!--Installer only Reboots Once, Installer Doesn't need to support-->
      <vendorreturncode>9999</vendorreturncode>
    </returncodemapping>
    <returncodemapping name="DEP_SOFT_ERROR">
      <vendorreturncode>7</vendorreturncode>
    </returncodemapping>
    <returncodemapping name="DEP_HARD_ERROR">
      <vendorreturncode>5</vendorreturncode>
    </returncodemapping>
    <returncodemapping name="SUCCESS">
      <vendorreturncode>0</vendorreturncode>
    </returncodemapping>
    <returncodemapping name="ERROR">
      <vendorreturncode>10</vendorreturncode>
    </returncodemapping>
    <returncodemapping name="REBOOT_REQUIRED">
      <vendorreturncode>14</vendorreturncode>
    </returncodemapping>
    <returncodemapping name="ERROR_INSTALL_PLATFORM_UNSUPPORTED">
      <vendorreturncode>3</vendorreturncode>
    </returncodemapping>
    <returncodemapping name="UNKNOWN_OPTION">
      <vendorreturncode>1</vendorreturncode>
    </returncodemapping>
    <returncodemapping name="ERROR">
      <vendorreturncode>9</vendorreturncode>
    </returncodemapping>
    <returncodemapping name="ERROR">
      <vendorreturncode>6</vendorreturncode>
    </returncodemapping>
    <returncodemapping name="ERROR">
      <vendorreturncode>4</vendorreturncode>
    </returncodemapping>
  </returncodes>
  <driverarchive>
    <alldriversroot>.\drivers</alldriversroot>
  </driverarchive>
  <inventorymetadata>
    <extractdriversidentifier>
      <pnpids>
        <pnpdevice display="Intel(R) Dynamic Platform and Thermal Framework Manager Driver" componentID="102309">
          <driverversion>8.3.10208.5644</driverversion>
          <pnpidstring>
            <PNPID>INT</PNPID>
            <PnPProductID>3400</PnPProductID>
          </pnpidstring>
        </pnpdevice>
        <pnpdevice display="Intel(R) Dynamic Platform and Thermal Framework ACPI Driver" componentID="102309">
          <driverversion>8.3.10208.5644</driverversion>
          <pnpidstring>
            <PNPID>INT</PNPID>
            <PnPProductID>3401</PnPProductID>
          </pnpidstring>
          <pnpidstring>
            <PNPID>INT</PNPID>
            <PnPProductID>3402</PnPProductID>
          </pnpidstring>
          <pnpidstring>
            <PNPID>INT</PNPID>
            <PnPProductID>3403</PnPProductID>
          </pnpidstring>
          <pnpidstring>
            <PNPID>INT</PNPID>
            <PnPProductID>3404</PnPProductID>
          </pnpidstring>
          <pnpidstring>
            <PNPID>INT</PNPID>
            <PnPProductID>3406</PnPProductID>
          </pnpidstring>
          <pnpidstring>
            <PNPID>INT</PNPID>
            <PnPProductID>3407</PnPProductID>
          </pnpidstring>
          <pnpidstring>
            <PNPID>INT</PNPID>
            <PnPProductID>3408</PnPProductID>
          </pnpidstring>
          <pnpidstring>
            <PNPID>INT</PNPID>
            <PnPProductID>3409</PnPProductID>
          </pnpidstring>
          <pnpidstring>
            <PNPID>INT</PNPID>
            <PnPProductID>340A</PnPProductID>
          </pnpidstring>
          <pnpidstring>
            <PNPID>INT</PNPID>
            <PnPProductID>340B</PnPProductID>
          </pnpidstring>
          <pnpidstring>
            <PNPID>INT</PNPID>
            <PnPProductID>340C</PnPProductID>
          </pnpidstring>
          <pnpidstring>
            <PNPID>INT</PNPID>
            <PnPProductID>343D</PnPProductID>
          </pnpidstring>
        </pnpdevice>
        <pnpdevice display="Intel(R) Dynamic Platform and Thermal Framework Processor Driver" componentID="102309">
          <driverversion>8.3.10208.5644</driverversion>
          <pciinfo vendorID="8086" deviceID="0103" />
          <pciinfo vendorID="8086" deviceID="0153" />
          <pciinfo vendorID="8086" deviceID="0C03" />
          <pciinfo vendorID="8086" deviceID="0A03" />
          <pciinfo vendorID="8086" deviceID="0D03" />
          <pciinfo vendorID="8086" deviceID="1603" />
          <pciinfo vendorID="8086" deviceID="1903" />
          <pciinfo vendorID="8086" deviceID="22DC" />
        </pnpdevice>
      </pnpids>      
    </extractdriversidentifier>
    <fullpackageidentifier>
      <msis>
        <msi componentID="102309">
          <identifyingnumber>{654EE65D-FAA4-4EA6-8C07-DC94E6A304D4}</identifyingnumber>
          <version>8.3.10208.5644</version>
          <upgradecode>{654EE65D-FAA4-4EA6-8C07-DC94E6A304D4}</upgradecode>
        </msi>
      </msis>
    </fullpackageidentifier>
  </inventorymetadata>
</MUPDefinition>